index,disease_name,supplement name,supplement image,buy link
0,Apple___Apple_scab,Katyayani Prozol Propiconazole 25% EC Systematic Fungicide,https://encrypted-tbn1.gstatic.com/shopping?q=tbn:ANd9GcRfq9MLrPL9tFkuFbGb98fMGDdl67v4I2iDLYCVprdsdGaXURCl9UNEr8v_65X1hKrYF5NjSvB01HOGexg-3CJxjkVSu9zPNJ2AunP09vPa0gjEILskTILx&usqp=CAE,https://www.google.com/search?q=apple+scab+fungicide&rlz=1C1ONGR_enIN987IN987&source=lnms&tbm=shop&sa=X&ved=2ahUKEwjFmtyg79L3AhVRAYgKHb5cARIQ_AUoAXoECAIQAw&biw=1920&bih=929&dpr=1
1,Apple___Black_rot,Magic FungiX For Fungal disease,https://encrypted-tbn3.gstatic.com/shopping?q=tbn:ANd9GcTZZH2SUe7Hufpd49iFoF_04c96J-fZeywsYQXDb0gFerGOYyL7xPBxLN05LIx6s36u6C_qMvtescsDbrTEzniJp0yhfEsvJoTCMD7FDnI&usqp=CAE,https://www.google.com/search?q=apple+black+rot+fungicide&sa=X&rlz=1C1ONGR_enIN987IN987&biw=1920&bih=929&tbm=shop&ei=eEV5YpvnNsiRoATE-LyoBg&oq=apple+black+fungicide&gs_lcp=Cgtwcm9kdWN0cy1jYxADGAAyCAgAEAgQHhAYOggIABCABBCwAzoHCAAQsAMQGDoJCAAQsAMQCBAeOgkIABCwAxAeEBg6CwgAELADEAUQHhAYOgsIABCwAxAIEB4QGDoECAAQDToGCAAQDRAYOggIABAIEA0QHjoMCAAQDRAFEAoQHhAYOgoIABANEAUQHhAYOgoIABAIEA0QHhAYOggIABAIEAcQHjoECCEQCkoECEEYAVDQCFiSFGCLIWgCcAB4AIABhgGIAYsHkgEDMC44mAEAoAEByAEKwAEB&sclient=products-cc
2,Apple___Cedar_apple_rust,Katyayani All in 1 Organic Fungicide,https://encrypted-tbn2.gstatic.com/shopping?q=tbn:ANd9GcT2JQ-fAdtrzzmkSespqEpKwop3BnWntsLioVSgjy79mpxQVPSqoD4v9yfL0mtiFJvFnPqeE7EcefadhdEpc9uUTCZbROwOPsklL_XDMSLTpxOGvIcBMMFiBQ&usqp=CAE,https://www.google.com/search?q=apple+cedar+rust+fungicide&sa=X&rlz=1C1ONGR_enIN987IN987&biw=1920&bih=929&tbm=shop&ei=s0V5YobVK8vpwQPdoK-YDA&ved=0ahUKEwjG-sW-79L3AhXLdHAKHV3QC8MQ4dUDCAY&uact=5&oq=apple+cedar+rust+fungicide&gs_lcp=Cgtwcm9kdWN0cy1jYxADMgQIABAYMgYIABAIEB4yCAgAEAgQHhAYMggIABAIEB4QGDoLCAAQsAMQCBAeEBg6CggAEAgQDRAeEBg6CAgAEAgQBxAeOgYIABANEBhKBAhBGAFQnwRY8z1gnj9oAXAAeACAAXeIAboHkgEDMy42mAEAoAEByAECwAEB&sclient=products-cc
3,Apple___healthy,Tapti Booster Organic Fertilizer,https://rukminim1.flixcart.com/image/416/416/kc6jyq80/soil-manure/6/y/v/500-tapti-booster-500-ml-green-yantra-original-imaftd6rrgfhvshc.jpeg?q=70,https://www.google.com/search?q=apple+fertilizers&rlz=1C1ONGR_enIN987IN987&source=lnms&tbm=shop&sa=X&ved=2ahUKEwiu1pjS79L3AhWYCIgKHZAMBAEQ_AUoAnoECAIQBA&biw=1920&bih=929&dpr=1
4,Background_without_leaves,,,
5,Blueberry___healthy,GreenStix Fertilizer,https://encrypted-tbn3.gstatic.com/shopping?q=tbn:ANd9GcSW_S8Mrnq0lLnXWCSPPlONkrPbkB8C3Gy9613OGD0ZaejmP5UNRf8LFnXUYJTM64BC1VYLYcYSbSSv-qVTV15RzDJZipvzsikme8oHSEtVX_ZKDiUQpnbHPQ&usqp=CAE,https://www.google.com/search?q=blueberry+fertilizers&sa=X&rlz=1C1ONGR_enIN987IN987&biw=1920&bih=929&tbm=shop&ei=30V5YondDsXJ-QbJ_IL4BQ&ved=0ahUKEwjJyKbT79L3AhXFZN4KHUm-AF8Q4dUDCAY&uact=5&oq=blueberry+fertilizers&gs_lcp=Cgtwcm9kdWN0cy1jYxADMgQIABAYMggIABAFEB4QGDIICAAQCBAeEBg6CwgAELADEAoQHhAYOg0IABCwAxAIEAoQHhAYOgQIABANOgYIABANEBg6BggAEAcQHjoICAAQDRAFEB5KBAhBGAFQmgZY1xlgtxxoAnAAeACAAa8BiAH6CZIBBDAuMTCYAQCgAQHIAQTAAQE&sclient=products-cc
6,Cherry___Powdery_mildew,ROM Mildew Clean,https://encrypted-tbn0.gstatic.com/shopping?q=tbn:ANd9GcSeHlqcksdF25o8mv-fYxNOrfJkp4Ov2hgVf01w2aCed1WbyL604ubLtPAlB7rfNoHRtxbTljQvA7P3VRh8LM0XndFHWDqvC4kC4w-DLQiknnS3vRzAxTpP&usqp=CAE,https://www.google.com/search?q=cherry+powdery+mildew+fungicide&sa=X&rlz=1C1ONGR_enIN987IN987&biw=1920&bih=929&tbm=shop&ei=NUZ5YrDkD46KhwP79Zy4CQ&oq=cherry+powdery+mildew+fungi&gs_lcp=Cgtwcm9kdWN0cy1jYxADGAAyBQghEKABMgUIIRCgATIKCCEQFhAdEB4QGDIKCCEQFhAdEB4QGDIKCCEQFhAdEB4QGDIKCCEQFhAdEB4QGDIKCCEQFhAdEB4QGDIKCCEQFhAdEB4QGDIKCCEQFhAdEB4QGDIKCCEQFhAdEB4QGDoICAAQgAQQsAM6CwgAELADEAUQHhAYOgsIABCwAxAIEB4QGDoFCAAQgAQ6BAgAEA06CAgAEAgQBxAeOggIABANEB4QGDoMCAAQDRAFEAoQHhAYOgoIABAIEA0QHhAYOgYIABAeEBg6CggAEAUQChAeEBg6CAgAEAgQHhAYOggIIRAWEB0QHjoICAAQFhAeEBg6CggAEBYQChAeEBg6BwghEAoQoAFKBAhBGAFQzgJYjlBghVZoBHAAeACAAZ0BiAGLE5IBBDAuMjCYAQCgAQHIAQTAAQE&sclient=products-cc
7,Cherry___healthy,Plantic Organic BloomDrop Liquid Plant Food ,https://encrypted-tbn3.gstatic.com/shopping?q=tbn:ANd9GcSpHb-xEa2rTSIEf5QtLMbax4zvRsTzD4kAwQ9Rcwr3AbDDQxUhmMmPJBVGLCAvczXrXAqwWKN-rReHwSR-XSGlsJRLvZOKRXHV-54uLhU_6EIuBq5BHXaAwg&usqp=CAE,https://www.google.com/search?q=cherry+fertilizers&sa=X&rlz=1C1ONGR_enIN987IN987&biw=1920&bih=929&tbm=shop&ei=ekZ5Yvy8A5GJoAT36LG4Dw&ved=0ahUKEwj84Y-d8NL3AhWRBIgKHXd0DPcQ4dUDCAY&uact=5&oq=cherry+fertilizers&gs_lcp=Cgtwcm9kdWN0cy1jYxADMgoIABAIEAoQHhAYOg0IABCwAxAIEAoQHhAYSgQIQRgBUIYFWIYFYN4HaAFwAHgAgAGSAogBkgKSAQMyLTGYAQCgAQHIAQHAAQE&sclient=products-cc
8,Corn___Cercospora_leaf_spot Gray_leaf_spot,ANTRACOL FUNGICIDE,https://encrypted-tbn2.gstatic.com/shopping?q=tbn:ANd9GcTm0wIanaB9OdUkuH9IJ-bHG_qyungwi2lWnmkFmze9VFU1yeSuRO3wImAhPfEJwuBZXPSEf5QwZhieERwrlE5H7lg_8bvf&usqp=CAE,https://www.google.com/search?q=corn+Cercospora+fungicide&sa=X&rlz=1C1ONGR_enIN987IN987&biw=1920&bih=929&tbm=shop&ei=mkZ5YvjPOYfAhwO7u53gAQ&ved=0ahUKEwj4hOes8NL3AhUH4GEKHbtdBxwQ4dUDCAY&uact=5&oq=corn+Cercospora+fungicide&gs_lcp=Cgtwcm9kdWN0cy1jYxADSgQIQRgBUMkvWMkvYN44aAJwAHgAgAFtiAFtkgEDMC4xmAEAoAECoAEBwAEB&sclient=products-cc
9,Corn___Common_rust,3 STAR M45 Mancozeb 75% WP Contact Fungicide,https://encrypted-tbn2.gstatic.com/shopping?q=tbn:ANd9GcT86avIdiTsKNdgo0Uss9r2tkn9pcx6VCGHeaubXDiR0u_fqqyXomgc1BBviREao7BM_eQiR6tbLCzUxG5VzS4du5DgwBVbtwSLuTEexpI&usqp=CAE,https://www.google.com/search?q=corn+common+rust+fungicide&sa=X&rlz=1C1ONGR_enIN987IN987&biw=1920&bih=929&tbm=shop&ei=QkZ5YpngBJuFoASU8LnIDg&ved=0ahUKEwiZibeC8NL3AhWbAogKHRR4DukQ4dUDCAY&uact=5&oq=corn+common+rust+fungicide&gs_lcp=Cgtwcm9kdWN0cy1jYxADOgYIABAHEB46BAgAEA06BggAEA0QGDoKCAAQDRAFEB4QGDoECAAQGDoGCAAQHhAYOgUIABCiBEoECEEYAFAAWI0YYK4ZaABwAHgAgAGXAYgB2g2SAQQzLjEzmAEAoAEBwAEB&sclient=products-cc
10,Corn___Northern_Leaf_Blight,QUIT (Carbendazim 12% + Mancozeb 63% WP) Protective And Curative Fungicide,https://encrypted-tbn0.gstatic.com/shopping?q=tbn:ANd9GcRO2FK6IsSuUuQQ0ehzVKIsEdgjCGbMq2nBmOsUp38ajgm8dPwR9MvTBL9_PFRZVRkbtiAzdwP8lwGlrR1c7axKHE6VALk6l3X4Snu9HWFCKpVCFYly65Bs&usqp=CAE,https://www.google.com/search?q=corn+northern+leaf+blight+fungicide&sa=X&rlz=1C1ONGR_enIN987IN987&biw=1920&bih=929&tbm=shop&ei=mkZ5YvjPOYfAhwO7u53gAQ&ved=0ahUKEwj4hOes8NL3AhUH4GEKHbtdBxwQ4dUDCAY&uact=5&oq=corn+northern+leaf+blight+fungicide&gs_lcp=Cgtwcm9kdWN0cy1jYxADOgoIABAIEA0QHhAYOgUIABCiBDoECCEQCkoECEEYAVCiBFjVP2CpRWgCcAB4AIABjQGIAaoQkgEEMi4xN5gBAKABAcABAQ&sclient=products-cc
11,Corn___healthy,Biomass Lab Sampoorn Fasal Ahaar (Multipurpose Organic Fertilizer & Plant Food),https://encrypted-tbn3.gstatic.com/shopping?q=tbn:ANd9GcRC_8hhC12Kbw0e0w-afXO9kzWJHG1LchaIa66xnIpU6OmZLnY3OzCrRd2ilBS9bSjI9jQI0hJ6Z20SUk7nf7uCukqv77aTun147K5g2Ec&usqp=CAE,https://www.google.com/search?rlz=1C1ONGR_enIN987IN987&tbm=shop&q=corn+fertilizer&spell=1&sa=X&ved=0ahUKEwjv6sTd8NL3AhXOCt4KHa0gArIQBQiJBigA&biw=1920&bih=929&dpr=1
12,Grape___Black_rot,Southern Ag Captan 50% WP Fungicide,https://images-na.ssl-images-amazon.com/images/I/51s1IbUD-qL.jpg,https://www.google.com/search?q=grape+black+rot+fungicide&sa=X&rlz=1C1ONGR_enIN987IN987&biw=1920&bih=929&tbm=shop&ei=7EZ5YozDNMKiwAPCt5qICw&oq=grape+black++fungicide&gs_lcp=Cgtwcm9kdWN0cy1jYxADGAAyCAgAEAgQHhAYOgYIABAHEB46CAgAEAgQBxAeOggIABANEB4QGDoKCAAQDRAFEB4QGDoGCAAQDRAYOgoIABAIEA0QHhAYOgQIABAYOgYIABAeEBg6CAgAEAUQHhAYSgQIQRgAUABY4xRg2h5oAHAAeAGAAYIEiAHADpIBCTIuOC4xLjUtMZgBAKABAcABAQ&sclient=products-cc
13,Grape___Esca_(Black_Measles),ALIETTE FUNGICIDE,https://farmagritech.com/wp-content/uploads/2020/03/ALIETTE.png,https://www.google.com/search?q=grape+esca+fungicide&sa=X&rlz=1C1ONGR_enIN987IN987&biw=1920&bih=929&tbm=shop&ei=MEd5YvOXD4fR-QbL26vADA&ved=0ahUKEwjz7__z8NL3AhWHaN4KHcvtCsgQ4dUDCAY&uact=5&oq=grape+esca+fungicide&gs_lcp=Cgtwcm9kdWN0cy1jYxADOgkIABCwAxAeEBg6BggAEA0QGDoKCAAQDRAFEB4QGDoKCAAQCBANEB4QGEoECEEYAVDqAVi5B2C-C2gBcAB4AIABaogBowOSAQMwLjSYAQCgAQHIAQHAAQE&sclient=products-cc
14,Grape___Leaf_blight_(Isariopsis_Leaf_Spot),"Tebulur Tebuconazole 10% + Sulphur 65% WG , Advance Broad Spectrum Premix Fungicides",https://encrypted-tbn1.gstatic.com/shopping?q=tbn:ANd9GcQPzI0SnMtb60x2D1gGkRHsvD1j7NRl8Y7pjuIyuyrTxdpvUOpci7NxHWxt4Gfn3ETrCrgWKvGPH-jmbboE2vi4b4MiTq3kZKMdHFUSctUmXcH9ZRed0j4-&usqp=CAE,https://www.google.com/search?q=grape+leaf+blight+fungicide&sa=X&rlz=1C1ONGR_enIN987IN987&biw=1920&bih=929&tbm=shop&ei=Rkd5YtS5C4ie-AamvoXoDg&oq=grape+leaf+blighfungicide&gs_lcp=Cgtwcm9kdWN0cy1jYxADGAAyBAghEAo6BggAEA0QGEoECEEYAVDyClirFmDcHmgEcAB4AIABlgGIAdoIkgEDMS45mAEAoAEBwAEB&sclient=products-cc
15,Grape___healthy,Sansar Green Grapes Fertilizer Fertilizer,https://rukminim1.flixcart.com/image/416/416/k51cpe80/soil-manure/4/m/h/400-grapes-fertilizer-sansar-green-original-imafntdujntbdner.jpeg?q=70,https://www.google.com/search?q=grape+fertilizer&sa=X&rlz=1C1ONGR_enIN987IN987&biw=1920&bih=929&tbm=shop&ei=A0d5YpTLH4HAhwPPkqXQBA&oq=greapfertilizer&gs_lcp=Cgtwcm9kdWN0cy1jYxADGAAyBAgAEA0yBAgAEA0yBAgAEA0yBggAEA0QGDIGCAAQDRAYMggIABAIEA0QHjIICAAQDRAeEBgyCAgAEA0QHhAYMggIABANEB4QGDIICAAQDRAeEBg6CAgAEIAEELADOgcIABCwAxAYSgQIQRgBUIYIWPkMYKskaAJwAHgAgAGNAYgB0ASSAQMwLjWYAQCgAQHIAQrAAQE&sclient=products-cc
16,Orange___Haunglongbing_(Citrus_greening),Green Dews CITRUS PLANT FOOD Fertilizer ,https://rukminim1.flixcart.com/image/416/416/ju79hu80/soil-manure/x/m/b/400-citrus-plant-food-green-dews-original-imaffbxhn3rz8k5p.jpeg?q=70,https://www.google.com/search?q=Orange+Haunglongbing%28Citrus+greening%29+fungicide&sa=X&rlz=1C1ONGR_enIN987IN987&biw=1920&bih=929&tbm=shop&ei=YEd5Yt2xL4y7hwO_sqLADQ&ved=0ahUKEwjd4ZGL8dL3AhWM3WEKHT-ZCNgQ4dUDCAY&uact=5&oq=Orange+Haunglongbing%28Citrus+greening%29+fungicide&gs_lcp=Cgtwcm9kdWN0cy1jYxADSgQIQRgAUABYmztg3UNoAHAAeACAAZMBiAHiB5IBAzAuOJgBAKABAqABAcABAQ&sclient=products-cc
17,Peach___Bacterial_spot,SCORE FUNGICIDE,https://encrypted-tbn1.gstatic.com/shopping?q=tbn:ANd9GcQ5shxq773t5Lmux-hhShKezjR64Af41W6NdhsDMXI-dNSAVvfY45rb5iHxMaqZXBdtFnfuiIcN8PdQ06YcYZi3gq6Uow-j&usqp=CAE,https://www.google.com/search?q=peach+bacterial+spot+fungicide&sa=X&rlz=1C1ONGR_enIN987IN987&biw=1920&bih=929&tbm=shop&ei=r0d5YqqEIsbFhwOf0amoAQ&ved=0ahUKEwjql9qw8dL3AhXG4mEKHZ9oChUQ4dUDCAY&uact=5&oq=peach+bacterial+spot+fungicide&gs_lcp=Cgtwcm9kdWN0cy1jYxADOgYIABAHEB46BAgAEBg6BggAEB4QGDoICAAQBRAeEBg6CggAEAUQChAeEBg6CggAEAgQDRAeEBg6CAgAEAgQHhAYSgQIQRgBUKEOWJUnYJAoaAFwAHgAgAF8iAHQEJIBBDUuMTWYAQCgAQHAAQE&sclient=products-cc
18,Peach___healthy,Jeevamrut (Plant Growth Tonic),https://cdn.shopify.com/s/files/1/0047/9730/0847/products/nurserylive-fertilizer-jeevamrut-plant-growth-tonic-500-ml-for-garden_jpg_600x600.jpg?v=1607402323,https://www.google.com/search?q=peach+fertilizer&sa=X&rlz=1C1ONGR_enIN987IN987&biw=1920&bih=929&tbm=shop&ei=ckd5YuqbDpGB-Abtg4mACQ&ved=0ahUKEwjqnLuT8dL3AhWRAN4KHe1BApAQ4dUDCAY&uact=5&oq=peach+fertilizer&gs_lcp=Cgtwcm9kdWN0cy1jYxADMgUIABCABDIGCAAQBxAeMggIABAHEAUQHjIICAAQBRAeEBgyCAgAEAgQHhAYMggIABAIEB4QGDIICAAQCBAeEBgyCAgAEAgQHhAYMggIABAIEB4QGDIICAAQCBAeEBg6CAgAEIAEELADOgcIABCwAxAYOgkIABCwAxAIEB46CwgAELADEAgQChAeOgkIABCwAxAeEBg6BggAEA0QGDoKCAAQBxAFEAoQHjoECAAQDToKCAAQCBANEB4QGEoECEEYAVCVBliyEmDJE2gCcAB4AYABrQKIAeEGkgEHMC41LjAuMZgBAKABAcgBCsABAQ&sclient=products-cc
19,"Pepper,_bell___Bacterial_spot",Systemic Fungicide (Domark) Tetraconazole 3.8% w/w (4% w/v) EW,https://encrypted-tbn0.gstatic.com/shopping?q=tbn:ANd9GcQNEP3gEC77FdOUBy_xUgIbq7UU_N2TX1zRwCFvtl02Kz5-a6X2ZhXPAhf9y0kLieGR2VTVarUnZP_JMs0kFtEw-LqJwVSMHsjGP4Bz9scPPIB6NCLtcD7JNA&usqp=CAE,https://www.google.com/search?q=pepper+bell+bacterial+spot+fungicide&sa=X&rlz=1C1ONGR_enIN987IN987&biw=1920&bih=929&tbm=shop&ei=x0d5YrDfM4mooATJuqHwDw&ved=0ahUKEwjw3qS88dL3AhUJFIgKHUldCP4Q4dUDCAY&uact=5&oq=pepper+bell+bacterial+spot+fungicide&gs_lcp=Cgtwcm9kdWN0cy1jYxADOgoIABAIEA0QHhAYOgQIIRAKSgQIQRgBUIkIWNUeYI4haAJwAHgAgAGuAYgBwgqSAQMzLjmYAQCgAQHAAQE&sclient=products-cc
20,"Pepper,_bell___healthy",Casa De Amor Organic Potash Fertilizer,https://cdn.shopify.com/s/files/1/1489/8850/products/Organic_Potash-1_869x869.jpg?v=1583399466,https://www.google.com/search?q=bell+pepper+fertilizer&sa=X&rlz=1C1ONGR_enIN987IN987&biw=1920&bih=929&tbm=shop&ei=3Ud5YrLZCJPP-QbilpXQBA&oq=pepper+bell+fertilizer&gs_lcp=Cgtwcm9kdWN0cy1jYxABGAAyBggAEAgQHjIICAAQCBAeEBgyCAgAEAgQHhAYMggIABAIEB4QGDIICAAQCBAeEBg6CAgAEIAEELADOgkIABCwAxAIEB46CwgAELADEAUQHhAYOgsIABCwAxAIEB4QGDoECAAQDToGCAAQDRAYOggIABAIEA0QHjoKCAAQDRAFEB4QGDoKCAAQCBANEB4QGDoGCAAQBxAeOggIABAIEAcQHjoFCAAQgAQ6BAgAEBg6BggAEAUQHjoGCAAQHhAYOggIABANEB4QGEoECEEYAVDKBVidKGDdMmgEcAB4AIABeIgB1QuSAQQzLjExmAEAoAEByAEKwAEB&sclient=products-cc
21,Potato___Early_blight,Parin Herbal Fungicides (With Turmeric Extract),https://encrypted-tbn3.gstatic.com/shopping?q=tbn:ANd9GcQzAaBb9Tc2B0iXiYc08qD2WM4vjAz4TZHI6qwj-D7nck2bbtYQUnnODSqPSK_Vz5NR1Am8aRbc2Rd0anzqgVKWq-0OlZ6wkjE-3x0jXihQ9F0kO8nJu7FT&usqp=CAE,https://www.google.com/search?q=potato+early+blight+fungicides&sa=X&rlz=1C1ONGR_enIN987IN987&biw=1920&bih=929&tbm=shop&ei=Mf4kYuzNJIWDoASz5quoBg&oq=potato+earky+blight++fungisi&gs_lcp=Cgtwcm9kdWN0cy1jYxADGAAyCAgAEA0QHhAYOggIABAIEA0QHjoICAAQFhAeEBg6BwghEAoQoAFKBAhBGAFQlwlYlhRgriBoAnAAeACAAYcBiAGZB5IBAzAuOJgBAKABAcABAQ&sclient=products-cc
22,Potato___Late_blight,Syngenta Ridomil gold Fungicide ,https://krushikendra.com/image/cache/catalog/syngenta/RIDOMIL-GOLD-800x800.jpg,https://www.google.com/search?q=potato+late+blight+fungicides&sa=X&rlz=1C1ONGR_enIN987IN987&biw=1920&bih=929&tbm=shop&ei=Qf4kYtqzMJWjoATisqD4DA&ved=0ahUKEwia2J3Fj7L2AhWVEYgKHWIZCM8Q4dUDCAY&uact=5&oq=potato+late+blight+fungicides&gs_lcp=Cgtwcm9kdWN0cy1jYxADMgYIABAeEBg6CQgAELADEB4QGDoICAAQDRAeEBg6CggAEAgQDRAeEBhKBAhBGAFQpAlYnBFglBNoAnAAeACAAasBiAHlBJIBAzAuNZgBAKABAcgBAcABAQ&sclient=products-cc
23,Potato___healthy,Saosis Fertilizer for potato Fertilizer,https://rukminim1.flixcart.com/image/416/416/kfvfwy80/soil-manure/6/p/g/30-fertilizer-for-potato-saosis-original-imafw8b3sgcyrhh4.jpeg?q=70,https://www.google.com/search?rlz=1C1ONGR_enIN987IN987&tbm=shop&q=potato+fertilizer&spell=1&sa=X&ved=0ahUKEwiS_4Hcj7L2AhWHCt4KHQMpAqMQBQi4BSgA&biw=1920&bih=929&dpr=1
24,Raspberry___healthy,"Karen's Naturals, Organic Just Raspberries",https://s3.images-iherb.com/jte/jte29001/v/6.jpg,https://www.google.com/search?q=raspberry+fertilizer&sa=X&rlz=1C1ONGR_enIN987IN987&biw=1920&bih=929&tbm=shop&ei=CUh5YujFGY6Q-AbXmpH4BA&oq=ras+fertilizer&gs_lcp=Cgtwcm9kdWN0cy1jYxADGAAyBggAEAcQHjIICAAQBxAFEB4yCAgAEAgQBxAeMggIABAIEAcQHjoECAAQDUoECEEYAFAAWNoBYPsMaABwAHgAgAF2iAHPApIBAzAuM5gBAKABAcABAQ&sclient=products-cc
25,Soybean___healthy,Max Crop Liquid Fertilizer,https://encrypted-tbn0.gstatic.com/shopping?q=tbn:ANd9GcRyFZFHGj1Wi0fabSOYVadCnsg8UdvhpKOHI6gxmItDLmz7RdC67HFFNyU7PYyD6SnlgXOs31yW_8-YWJKOeal7K4UQ3lAIxef-4x350ac&usqp=CAE,https://www.google.com/search?q=soybean+fertilizer&sa=X&rlz=1C1ONGR_enIN987IN987&biw=1920&bih=929&tbm=shop&ei=Lkh5YvGEE4_FhwPS55noDg&ved=0ahUKEwjx05Lt8dL3AhWP4mEKHdJzBu0Q4dUDCAY&uact=5&oq=soybean+fertilizer&gs_lcp=Cgtwcm9kdWN0cy1jYxADMgUIABCABDIECAAQGDIECAAQGDIGCAAQBxAeMgYIABAHEB4yBggAEB4QGDIGCAAQHhAYMgYIABAeEBgyBggAEB4QGDIICAAQBRAeEBg6CAgAEIAEELADOgcIABCwAxAYOgkIABCwAxAeEBg6CwgAELADEAUQHhAYOgQIABANOgYIABANEBg6BggAEAoQGDoKCAAQCBANEB4QGDoICAAQCBAeEBg6CAgAEA0QHhAYOgoIABANEAUQHhAYSgQIQRgBUIcFWLEdYL4faAJwAHgAgAGiAYgBtAeSAQMxLjeYAQCgAQHIAQrAAQE&sclient=products-cc
26,Squash___Powdery_mildew,No powdery mildew 1 quart,https://cdn.shopify.com/s/files/1/1667/9587/products/415B_2BfINScL.jpg?v=1536320654,https://www.google.com/search?q=Squash+Powdery+mildew+fungicide&sa=X&rlz=1C1ONGR_enIN987IN987&biw=1920&bih=929&tbm=shop&ei=80d5YqTFCMqkwAOSiazIDA&ved=0ahUKEwjkivfQ8dL3AhVKEnAKHZIEC8kQ4dUDCAY&uact=5&oq=Squash+Powdery+mildew+fungicide&gs_lcp=Cgtwcm9kdWN0cy1jYxADSgQIQRgAUABYnDNgzT5oAHAAeACAAYoBiAHJBZIBAzEuNZgBAKABAqABAcABAQ&sclient=products-cc
27,Strawberry___Leaf_scorch,Greatindos Premium Quality All in 1 Organic Fungicide,https://encrypted-tbn3.gstatic.com/shopping?q=tbn:ANd9GcSV3dLQAuhGWWsZSX3Ray15J_uSeFgSo7oLE0G2BxPFSwVNnOUY7VsBbLzDbw_mzUw3ZFLaF4kPWPyzatefP2bnSZwEbwrYnGGYgEl8rS6XWmwRnloOWnwy&usqp=CAE,https://www.google.com/search?q=strawberry+leaf+scorch+fungicide&sa=X&rlz=1C1ONGR_enIN987IN987&biw=1920&bih=929&tbm=shop&ei=a0h5Yo6aKs6AoASTuofYDA&oq=strawberry+leaf+fungicide&gs_lcp=Cgtwcm9kdWN0cy1jYxADGAAyCAgAEAgQHhAYMggIABAIEB4QGDoGCAAQChAYOgYIABAHEB46BggAEA0QGDoKCAAQDRAFEB4QGDoMCAAQDRAFEAoQHhAYOggIABANEB4QGDoKCAAQCBANEB4QGDoMCAAQCBANEAoQHhAYOgQIABAYOgYIABAeEBg6CAgAEAUQHhAYSgQIQRgAUABYnCVgui9oA3AAeACAAYcBiAGlDZIBBDMuMTOYAQCgAQHAAQE&sclient=products-cc
28,Strawberry___healthy,SWISS GREEN ORGANIC PLANT GROWTH PROMOTER STRAWBERRY Fertilizer,https://rukminim1.flixcart.com/image/416/416/k2urhjk0/soil-manure/q/y/d/500-organic-plant-growth-promoter-strawberry-swiss-green-original-imafm3vx8mzyhxzg.jpeg?q=70,https://www.google.com/search?q=strawberry+fertilizer&sa=X&rlz=1C1ONGR_enIN987IN987&biw=1920&bih=929&tbm=shop&ei=QUh5YvXSMpqhoASBnpKwDA&oq=strwber+fertilizer&gs_lcp=Cgtwcm9kdWN0cy1jYxABGAAyBAgAEA0yBAgAEA0yBAgAEA0yBggAEA0QGDIGCAAQDRAYMgYIABANEBgyBggAEA0QGDIGCAAQDRAYMgYIABANEBgyBggAEA0QGDoICAAQgAQQsAM6BwgAELADEBg6CQgAELADEAgQHjoJCAAQsAMQHhAYOgsIABCwAxAFEB4QGDoKCAAQDRAFEB4QGDoKCAAQsQMQgwEQQzoECAAQQzoFCAAQgAQ6BggAEAcQHjoICAAQCBAHEB46CAgAEAcQBRAeOgYIABAIEB46CggAEAgQDRAeEBhKBAhBGAFQpwFYwjBg0jdoBHAAeACAAZwBiAHeCpIBBDEuMTGYAQCgAQHIAQrAAQE&sclient=products-cc
29,Tomato___Bacterial_spot,CUREAL Best Fungicide & Bactericide,https://encrypted-tbn1.gstatic.com/shopping?q=tbn:ANd9GcRKHQh4EwbE0ksZ_RTOhsGtvTO68zllR9djrYvUrZ-DO6FYo2kYpmyFL8UgaK6aiHJuUWbkax_uhcxMpGfwSHa2CKWqaIZnFp1vIRbGkrZhtGv-Zq-72y61&usqp=CAE,https://www.google.com/search?q=tomato+bacterial+spot+fungicide&sa=X&rlz=1C1ONGR_enIN987IN987&biw=1920&bih=929&tbm=shop&ei=gEh5YvHpHcKT-AaLrbjABw&ved=0ahUKEwjxqaqU8tL3AhXCCd4KHYsWDngQ4dUDCAY&uact=5&oq=tomato+bacterial+spot+fungicide&gs_lcp=Cgtwcm9kdWN0cy1jYxADOgcIABCwAxAYOgYIABAHEB46BAgAEA06BggAEA0QGDoICAAQCBAHEB46CAgAEA0QHhAYOgUIABCABDoECAAQGDoGCAAQHhAYOgoIABAIEA0QHhAYSgQIQRgBUNkPWP06YOg7aAFwAHgAgAGsAYgBpBKSAQQyLjE5mAEAoAEByAEBwAEB&sclient=products-cc
30,Tomato___Early_blight,NATIVO FUNGICIDE,https://farmagritech.com/wp-content/uploads/2019/11/F-Nativo-3.jpg,https://www.google.com/search?q=early+blight+tomato+fungicide&sa=X&rlz=1C1ONGR_enIN987IN987&biw=1920&bih=929&tbm=shop&ei=s0h5Yr-MMc6AoASTuofYDA&oq=tomato+early+fungicide&gs_lcp=Cgtwcm9kdWN0cy1jYxADGAAyCAgAEAgQHhAYMggIABAIEB4QGDoECAAQDToGCAAQDRAYOggIABANEB4QGDoKCAAQCBANEB4QGEoECEEYAVDBElj0F2CEJ2gCcAB4AIABcogBnQSSAQMwLjWYAQCgAQHAAQE&sclient=products-cc
31,Tomato___Late_blight,ACROBAT FUNGICIDE,https://encrypted-tbn3.gstatic.com/shopping?q=tbn:ANd9GcRpQmIM9QZkFI43PPlHVFaSlGdrdMP8LFHXAo9b_OGOQCi3R6G-SsqnCXFR4CU9bVAcyuBGTrQRAkRrU9fm-1TGeXg9PrsB&usqp=CAE,https://www.google.com/search?q=late+blight+tomato+fungicide&sa=X&rlz=1C1ONGR_enIN987IN987&biw=1920&bih=929&tbm=shop&ei=xkh5YvbvOMf4hwOm3au4Aw&ved=0ahUKEwj26vW18tL3AhVH_GEKHabuCjcQ4dUDCAY&uact=5&oq=late+blight+tomato+fungicide&gs_lcp=Cgtwcm9kdWN0cy1jYxADMgYIABAeEBgyCAgAEAgQHhAYOgkIABCwAxAeEBg6CwgAELADEAgQHhAYOgoIABANEAUQHhAYOgoIABAIEA0QHhAYSgQIQRgBUNoOWMcSYJcUaARwAHgAgAF3iAGwBJIBAzAuNZgBAKABAcgBAsABAQ&sclient=products-cc
32,Tomato___Leaf_Mold,Virus Special (Set of Immuno 1 ltr + Enviro 1 ltr),https://encrypted-tbn1.gstatic.com/shopping?q=tbn:ANd9GcQfgH6lswqhV2hUhqZwEfgQBU1eUP1GCvETxg_a3JFOERS2tc80k8gNMbHM_XxReblck1T7tR95X8Qojdj1k0yAyvhmCZHvkFWaT_L-a8ofElEXerVJqvsF&usqp=CAE,https://www.google.com/search?q=tomato+leaf+mold+fungicide&sa=X&rlz=1C1ONGR_enIN987IN987&biw=1920&bih=929&tbm=shop&ei=2Eh5YpPhH4qf-AbSr6bADA&ved=0ahUKEwiTrae-8tL3AhWKD94KHdKXCcgQ4dUDCAY&uact=5&oq=tomato+leaf+mold+fungicide&gs_lcp=Cgtwcm9kdWN0cy1jYxADMgQIABAYOgUIABCABDoGCAAQHhAYOggIABANEB4QGDoKCAAQCBANEB4QGDoICAAQCBAeEBhKBAhBGABQAFjGJ2ChKmgAcAB4AIABpAGIAZMKkgEDMy45mAEAoAEBwAEB&sclient=products-cc
33,Tomato___Septoria_leaf_spot,Roko Fungicide,https://farmagritech.com/wp-content/uploads/2020/05/roko-insecticide.jpg,https://www.google.com/search?q=Tomato++Septoria+leaf+spot+fungicide&sa=X&rlz=1C1ONGR_enIN987IN987&biw=1920&bih=929&tbm=shop&ei=70h5Yur-Heeo1e8P3LyROA&ved=0ahUKEwiqsqHJ8tL3AhVnVPUHHVxeBAcQ4dUDCAY&uact=5&oq=Tomato++Septoria+leaf+spot+fungicide&gs_lcp=Cgtwcm9kdWN0cy1jYxADMgoIABAIEA0QHhAYOgcIABCwAxAYSgQIQRgBUPILWLdYYKNZaAFwAHgAgAGAAYgBkwaSAQMxLjaYAQCgAQKgAQHIAQHAAQE&sclient=products-cc
34,Tomato___Spider_mites Two-spotted_spider_mite,OMITE INSECTICIDE,https://encrypted-tbn1.gstatic.com/shopping?q=tbn:ANd9GcQxe-M4vyRx94TlpTOw6tlzvagjvaTRCWRLoKd58JML7T3rSV8GJK67YjxIiR-PHL02DL2CHsHPLzExBf6uq7BqxcLPxgmh9w&usqp=CAE,https://www.google.com/search?q=Tomato+Spider+mites+fungicide&sa=X&rlz=1C1ONGR_enIN987IN987&biw=1920&bih=929&tbm=shop&ei=FEl5Ys_YDZeY-Aaa0ImgBw&ved=0ahUKEwjPsuPa8tL3AhUXDN4KHRpoAnQQ4dUDCAY&uact=5&oq=Tomato+Spider+mites+fungicide&gs_lcp=Cgtwcm9kdWN0cy1jYxADOgsIABCwAxAIEB4QGDoECCEQCkoECEEYAVDhBFjFGmDGHmgBcAB4AIABgwGIAboDkgEDMS4zmAEAoAECoAEByAEBwAEB&sclient=products-cc
35,Tomato___Target_Spot,Propi Propineb 70% WP Fungicide for Plants Diesese Control Pesticide,https://rukminim1.flixcart.com/image/416/416/k3xcdjk0/soil-manure/y/f/j/100-propineb-70-wp-fungicide-for-plants-diesese-control-propi-original-imafmxg3jghhdyt6.jpeg?q=70,https://www.google.com/search?q=Tomato+target+spot+fungicide&sa=X&rlz=1C1ONGR_enIN987IN987&biw=1920&bih=929&tbm=shop&ei=NEl5Ysu6F5TZhwPU1L-oBQ&ved=0ahUKEwjLpI7q8tL3AhWU7GEKHVTqD1UQ4dUDCAY&uact=5&oq=Tomato+target+spot+fungicide&gs_lcp=Cgtwcm9kdWN0cy1jYxADSgQIQRgBUJwTWLYiYKYjaAJwAHgAgAF3iAGWCZIBAzMuOJgBAKABAcABAQ&sclient=products-cc
36,Tomato___Tomato_Yellow_Leaf_Curl_Virus,Syngenta Amistor Top Fungicide,https://krushikendra.com/image/cache/catalog/Sygenta/syngenta-amistar-top-fungicides-500x500-800x800.jpg,https://www.google.com/search?q=Tomato+yellow+leaf+curl+virus+fungicide&sa=X&rlz=1C1ONGR_enIN987IN987&biw=1920&bih=929&tbm=shop&ei=UEl5YvzwBK6l1e8PvpK6mAc&ved=0ahUKEwj82Kj38tL3AhWuUvUHHT6JDnMQ4dUDCAY&uact=5&oq=Tomato+yellow+leaf+curl+virus+fungicide&gs_lcp=Cgtwcm9kdWN0cy1jYxADOggIABAIEB4QGDoKCAAQCBANEB4QGEoECEEYAVCLBFiHQWDxRGgDcAB4AIABmwGIAZkUkgEENS4xOZgBAKABAcABAQ&sclient=products-cc
37,Tomato___Tomato_mosaic_virus,V Bind Viral Disease Special,https://encrypted-tbn1.gstatic.com/shopping?q=tbn:ANd9GcRmHRAqOUGXt76NPfOMXrUVRvDt8gRYd3-HTexGYI0d4PNmDuLXbfTchIRipVD-hx1wob7hHyVTbmyS85fTcADpBUMezetO&usqp=CAE,https://www.google.com/search?q=Tomato+mosaic+virus+fungicide&sa=X&rlz=1C1ONGR_enIN987IN987&biw=1920&bih=929&tbm=shop&ei=kUl5YuWjKdTmhwOvj7qgAw&ved=0ahUKEwilsMyW89L3AhVU82EKHa-HDjQQ4dUDCAY&uact=5&oq=Tomato+mosaic+virus+fungicide&gs_lcp=Cgtwcm9kdWN0cy1jYxADOgQIIRAKSgQIQRgBUPAQWJQaYOseaAJwAHgAgAF0iAGPBZIBAzEuNZgBAKABAcABAQ&sclient=products-cc
38,Tomato___healthy,"Tomato Fertilizer Organic, for Home, Balcony, Terrace & Outdoor Gardening",https://cdn.shopify.com/s/files/1/1489/8850/products/Tomato_feretilizer-new_869x868.jpg?v=1582699319,https://www.google.com/search?q=tomato+fertilizer&sa=X&rlz=1C1ONGR_enIN987IN987&biw=1920&bih=929&tbm=shop&ei=lUh5YtXrFNnn-Qb6g66ABQ&ved=0ahUKEwiViqOe8tL3AhXZc94KHfqBC1AQ4dUDCAY&uact=5&oq=tomato+fertilizer&gs_lcp=Cgtwcm9kdWN0cy1jYxADMgUIABCABDIFCAAQgAQyBQgAEIAEMgUIABCABDIFCAAQgAQyBQgAEIAEMgUIABCABDIFCAAQgAQyBQgAEIAEMgUIABCABDoICAAQgAQQsAM6BwgAELADEBg6BAgAEA06BggAEA0QGDoGCAAQBxAeSgQIQRgBUL4FWLsOYMsPaAJwAHgBgAG9AYgB3QaSAQMwLjeYAQCgAQHIAQrAAQE&sclient=products-cc